Words,Counts
the,54
of,49
to,29
and,27
a,20
in,17
will,16
be,16
freedom,13
we,13
that,12
have,12
i,12
ring,12
one,12
with,12
from,12
dream,11
is,11
let,10
day,9
this,9
negro,8
able,7
today,7
every,7
our,7
all,6
together,6
their,5
free,5
not,5
white,5
years,5
later,4
still,4
faith,4
it,4
mountain,4
for,4
as,4
hundred,4
now,4
by,4
when,4
nation,4
at,4
must,4
injustice,3
little,3
its,3
brotherhood,3
new,3
on,3
american,3
black,3
go,3
there,3
hope,3
state,3
children,3
men,3
rise,3
but,3
shall,3
last,3
into,3
justice,3
up,3
out,3
join,3
time,3
racial,2
former,2
forever,2
force,2
great,2
georgia,2
girls,2
live,2
god's,2
slaves,2
his,2
hands,2
history,2
heat,2
segregation,2
sons,2
hill,2
you,2
down,2
sweltering,2
come,2
mighty,2
they,2
valley,2
came,2
brothers,2
destiny,2
physical,2
places,2
boys,2
mississippi,2
made,2
struggle,2
words,2
even,2
allow,2
alabama,2
america,2
stone,2
stand,2
again,2
old,1
own,1
right,1
oppression,1
rights,1
only,1
revealed,1
prosperity,1
pennsylvania,1
owners,1
rest,1
proclamation,1
presence,1
protest,1
protestants,1
pray,1
poverty,1
plane,1
racists,1
realize,1
red,1
people,1
remind,1
prodigious,1
path,1
part,1
plains,1
society,1
rock,1
us,1
tennessee,1
thank,1
these,1
though,1
tomorrow,1
tranquility,1
transform,1
transformed,1
true,1
truths,1
until,1
urgency,1
vast,1
rockies,1
vicious,1
village,1
violence,1
we're,1
what,1
where,1
which,1
who,1
whose,1
withering,1
work,1
york,1
table,1
symphony,1
symbolic,1
sunlit,1
rooted,1
rough,1
sadly,1
say,1
score,1
seared,1
see,1
self,1
shadow,1
signed,1
sing,1
sisters,1
sit,1
skin,1
slave,1
slopes,1
snow,1
so,1
oasis,1
solid,1
soul,1
speed,1
spiritual,1
spot,1
straight,1
ocean,1
,1
nullification,1
discrimination,1
curvaceous,1
dark,1
daybreak,1
decree,1
deeply,1
degenerate,1
demonstration,1
desolate,1
despair,1
difficulties,1
dignity,1
discipline,1
discords,1
distrust,1
flesh,1
dripping,1
emancipation,1
end,1
engulfed,1
equal,1
evidenced,1
evident,1
exalted,1
exile,1
face,1
fierce,1
finds,1
five,1
crooked,1
crippled,1
creed,1
creative,1
ago,1
alleghenies,1
almighty,1
am,1
an,1
are,1
back,1
beautiful,1
beckoning,1
been,1
before,1
california,1
capped,1
captivity,1
catholics,1
chains,1
change,1
character,1
citizenship,1
city,1
color,1
colorado,1
comers,1
community,1
conduct,1
content,1
created,1
flames,1
friends,1
nor,1
material,1
light,1
lips,1
lives,1
lonely,1
'we,1
lookout,1
lord,1
low,1
majestic,1
make,1
manacles,1
many,1
marvelous,1
meaning,1
gentiles,1
meeting,1
midst,1
militarism,1
millions,1
molehill,1
momentous,1
mount,1
mountains,1
mountainside,1
mowing,1
my,1
neither,1
night,1
life,1
lead,1
languishing,1
land,1
genuine,1
god,1
governor,1
granted,1
greatest,1
had,1
hallowed,1
hamlet,1
hampshire,1
happens,1
happy,1
has,1
having,1
heights,1
here,1
hew,1
high,1
hills,1
hilltops,1
himself,1
hold,1
interposition,1
island,1
jail,1
jews,1
joyous,1
judged,1
long,1
